{
    "Harry Styles": [
        1157.194646297104,
        5007.273880554232
    ],
    "5 Seconds of Summer": [
        31735.931134535553,
        3725.3947948428504
    ],
    "Twenty One Pilots": [
        10268.11109202483,
        4136.054631585116
    ],
    "One Direction": [
        24846.127038083818,
        1837.6228083954504
    ],
    "Fall Out Boy": [
        10461.01089321661,
        2104.01739383079
    ],
    "All Time Low": [
        33557.638167607016,
        926.6786025346753
    ],
    "Ed Sheeran": [
        6158.674239791293,
        5178.287715871571
    ],
    "Panic! At the Disco": [
        6543.196048301451,
        5148.6999384678375
    ],
    "Weezer": [
        10631.588584330844,
        2133.388648183343
    ],
    "Shawn Mendes": [
        0,
        3662.7395867668956
    ],
    "Jonas Brothers": [
        9750.448942581852,
        848.6717447375826
    ],
    "Metallica": [
        10111.208626055492,
        7107.593828249184
    ],
    "Jenny Lewis": [
        9167.39963313333,
        3711.778183970519
    ],
    "The 1975": [
        26577.1253567595,
        1676.9883969130224
    ],
    "Green Day": [
        21615.857958398734,
        135.5651445311914
    ],
    "Foo Fighters": [
        27325.133399447775,
        4146.558324114357
    ],
    "Mayday Parade": [
        3633.6110769954416,
        5252.202494545913
    ],
    "State Champs": [
        4015.2771902654963,
        7173.2462336982835
    ],
    "A Day to Remember": [
        14253.528931615736,
        5117.638632345507
    ],
    "The Maine": [
        20682.869553789056,
        2715.411456062908
    ],
    "Taylor Swift": [
        30668.20436541234,
        1134.8017121651783
    ],
    "Neck Deep": [
        31883.708291644343,
        3428.5913351193217
    ],
    "blink-182": [
        18688.661765486802,
        4093.452883998069
    ],
    "Halsey": [
        25806.318691614415,
        2768.417988152283
    ],
    "Paramore": [
        8027.99723459084,
        3430.2186672244375
    ],
    "Bring Me The Horizon": [
        8918.675869337669,
        4586.384513616571
    ],
    "Louis Tomlinson": [
        8924.017170960584,
        4104.628576764981
    ],
    "Billie Eilish": [
        19815.32829440373,
        3329.0234112975404
    ],
    "My Chemical Romance": [
        9747.66152336518,
        1959.7112242565013
    ],
    "Charli XCX": [
        21983.399851435537,
        3057.3880231652056
    ],
    "Red Hot Chili Peppers": [
        12376.092088241,
        4984.088087183376
    ],
    "Justin Bieber": [
        0,
        4014.4865628929315
    ],
    "Sleeping With Sirens": [
        14012.240370275964,
        3082.46199842342
    ],
    "Waterparks": [
        10993.886809550879,
        5542.945579560611
    ],
    "Ariana Grande": [
        2339.251288123857,
        3187.861153454961
    ],
    "Muse": [
        4778.451891676215,
        7943.5919152383
    ],
    "Korn": [
        3333.5102367965187,
        5876.361772186726
    ],
    "The Killers": [
        28737.312429708538,
        1693.233916006875
    ],
    "Kacey Musgraves": [
        24963.04267320903,
        4517.59529565197
    ],
    "Alessia Cara": [
        20559.0805118641,
        1571.905651398608
    ],
    "Sum 41": [
        8980.02482283008,
        5807.9175877357575
    ],
    "Real Friends": [
        3952.263232678634,
        6498.657150803795
    ],
    "Slipknot": [
        20676.93137008239,
        5587.05539894344
    ],
    "Niall Horan": [
        19728.113597863692,
        3363.5730968540597
    ],
    "Taking Back Sunday": [
        8765.341501459676,
        3932.0174533968025
    ],
    "The Story So Far": [
        14262.250230394184,
        4807.331645433842
    ],
    "Rise Against": [
        34836.10745468972,
        2761.48287639
    ],
    "New Found Glory": [
        15907.593580452838,
        6172.1485142611255
    ],
    "Demi Lovato": [
        0,
        4824.210959110855
    ],
    "Wolf Alice": [
        5441.398089177289,
        4874.158703300756
    ],
    "Beartooth": [
        6939.976856827638,
        4362.010039770397
    ],
    "Dua Lipa": [
        32752.872131704455,
        2233.2634516319404
    ],
    "Jimmy Eat World": [
        4595.554131086186,
        3062.974055232734
    ],
    "Coldplay": [
        1108.9755194481802,
        2302.882065147412
    ],
    "Pierce the Veil": [
        10050.237448468757,
        3572.114474785905
    ],
    "Arctic Monkeys": [
        5773.178449531397,
        4810.917733423334
    ],
    "We The Kings": [
        3456.1900845158502,
        3626.298756779033
    ],
    "Tonight Alive": [
        37484.087347400484,
        3957.8863499680087
    ],
    "Motionless In White": [
        15181.678295448444,
        2720.9327948993005
    ],
    "Simple Plan": [
        6494.388515651059,
        5312.3510769720715
    ],
    "Imagine Dragons": [
        25718.448197403854,
        5415.691210618639
    ],
    "Bastille": [
        25207.765948053464,
        3585.1854241833203
    ],
    "PVRIS": [
        33357.1728889137,
        2033.4420294088472
    ],
    "Jordan McGraw": [
        1055.7798296363164,
        3052.5996125228526
    ],
    "Don Broco": [
        7381.070443250907,
        6453.522740318402
    ],
    "Less Than Jake": [
        19544.615355994756,
        3606.51816645353
    ],
    "Issues": [
        18462.346393131877,
        4889.180504962895
    ],
    "Hey Violet": [
        3512.215715488782,
        6663.555894517851
    ],
    "Four Year Strong": [
        4536.855610658418,
        5784.244521476603
    ],
    "The Wonder Years": [
        14594.270348949503,
        2664.5263309429724
    ],
    "Knuckle Puck": [
        7529.590369414704,
        3975.4906457514194
    ],
    "Cage The Elephant": [
        6260.120361687674,
        6200.694341463851
    ],
    "Papa Roach": [
        12113.932807172725,
        3660.166390033531
    ],
    "Machine Gun Kelly": [
        9796.101519125179,
        3873.179528735552
    ],
    "Post Malone": [
        9195.91325337412,
        4934.245824076046
    ],
    "Bebe Rexha": [
        1151.620246409835,
        3955.771258839002
    ],
    "Deftones": [
        20283.4765544548,
        2626.3641181730327
    ],
    "Elton John": [
        0,
        2596.1112094083464
    ],
    "KISS": [
        25302.619162372208,
        4644.004524559473
    ],
    "The Offspring": [
        13916.058084875323,
        4949.380608665971
    ],
    "Of Mice & Men": [
        19537.41521470888,
        4264.696268773312
    ],
    "Little Mix": [
        0,
        983.8599562189299
    ],
    "AWOLNATION": [
        4142.393401432359,
        5648.5148988480005
    ],
    "You Me At Six": [
        6824.201678977537,
        4937.9196430176
    ],
    "The Used": [
        13390.11015462598,
        6288.690121579398
    ],
    "Every Time I Die": [
        9432.667879195018,
        5493.190207957905
    ],
    "Pale Waves": [
        17403.482378186516,
        3388.9775717509197
    ],
    "Iron Maiden": [
        4135.067835293166,
        3850.802578339067
    ],
    "Tame Impala": [
        27009.941694242676,
        3632.032559171144
    ],
    "Reel Big Fish": [
        29590.013895172106,
        3259.317815158407
    ],
    "Pearl Jam": [
        5045.484241515186,
        3915.8358612065203
    ],
    "Vance Joy": [
        3664.5024373166225,
        6053.772542776806
    ],
    "Lorde": [
        19804.948424839342,
        2791.433581269174
    ],
    "The Rolling Stones": [
        8683.829802278344,
        5018.817807090123
    ],
    "Asking Alexandria": [
        14847.507333641523,
        5357.738548497519
    ],
    "Slayer": [
        4863.956842432718,
        5809.785050104796
    ],
    "Avenged Sevenfold": [
        8206.097506589264,
        7158.158785703272
    ],
    "U2": [
        25796.318016634836,
        2607.0262258828743
    ],